series,n,mean,median,stdev,ci95_mean_low,ci95_mean_high
config_a_prepare_download_us,200,492455.89,493722.5,7831.612755342812,491370.48384856177,493541.29615143826
config_c_prepare_download_us,36,492937.69444444444,493557.0,6487.133070578777,490818.5643080554,495056.8245808335
config_a_fullsession_wall_ms,200,11250.509975,11244.8485,22.61121868379074,11247.37621997181,11253.643730028192
config_c_fullsession_wall_ms,200,2123.01509,5.4535,4564.233655915107,1490.4445784725817,2755.585601527418
